author,content,created_at,headline,id,images,source,summary,symbols,updated_at,url
Caden Pok,,2024-01-23T17:30:00Z,Donald Trump Sold $2.4 Million Ethereum: Smart Move Or Big Mistake?,36743035,"[{'size': 'large', 'url': 'https://cdn.benzinga.com/files/imagecache/2048x1536xUP/images/story/2024/12/27/Hershey--Pa---December-15--2016-Presiden.jpeg'}, {'size': 'small', 'url': 'https://cdn.benzinga.com/files/imagecache/1024x768xUP/images/story/2024/12/27/Hershey--Pa---December-15--2016-Presiden.jpeg'}, {'size': 'thumb', 'url': 'https://cdn.benzinga.com/files/imagecache/250x187xUP/images/story/2024/12/27/Hershey--Pa---December-15--2016-Presiden.jpeg'}]",benzinga, ,['ETH'],2024-12-27T17:28:09Z,https://www.benzinga.com/markets/cryptocurrency/24/01/36743035/donald-trump-sold-2-4-million-ethereum-smart-move-or-big-mistake
Aniket Verma,,2024-12-16T03:15:54Z,Trump-Backed World Liberty Financial's Purchases Trigger Strong Rally In These DeFi Tokens,42500884,"[{'size': 'large', 'url': 'https://cdn.benzinga.com/files/imagecache/2048x1536xUP/images/story/2024/12/15/3-Stocks-To-Buy-As-Trumps-Trade-Policies.jpeg'}, {'size': 'small', 'url': 'https://cdn.benzinga.com/files/imagecache/1024x768xUP/images/story/2024/12/15/3-Stocks-To-Buy-As-Trumps-Trade-Policies.jpeg'}, {'size': 'thumb', 'url': 'https://cdn.benzinga.com/files/imagecache/250x187xUP/images/story/2024/12/15/3-Stocks-To-Buy-As-Trumps-Trade-Policies.jpeg'}]",benzinga,"World Liberty Financial, a cryptocurrency project backed by President-elect Donald Trump, continued to add momentum to the coins it was purchasing.



What happened: ONDO, a tokenization-themed cryptocurrency, zoomed over 11% to record-breaking highs, becoming the fourth-biggest market gainer over the last 24 hours.","['AAVEUSD', 'ENAUSD', 'ETH', 'ETHUSD', 'LINKUSD', 'ONDOUSD']",2024-12-16T03:15:55Z,https://www.benzinga.com/trading-ideas/movers/24/12/42500884/trump-backed-world-liberty-financials-purchases-trigger-strong-rally-in-these-defi-tokens
Benzinga Neuro,,2024-12-15T13:00:17Z,"Schiff's Advice To Biden, Dogecoin's Potential Surge, Microsoft's Bitcoin Proposal, And More: This Week In Crypto",42499232,"[{'size': 'large', 'url': 'https://cdn.benzinga.com/files/imagecache/2048x1536xUP/images/story/2024/12/15/Cryptocurrency-Photo-by-SvetlanaParnikov.jpeg'}, {'size': 'small', 'url': 'https://cdn.benzinga.com/files/imagecache/1024x768xUP/images/story/2024/12/15/Cryptocurrency-Photo-by-SvetlanaParnikov.jpeg'}, {'size': 'thumb', 'url': 'https://cdn.benzinga.com/files/imagecache/250x187xUP/images/story/2024/12/15/Cryptocurrency-Photo-by-SvetlanaParnikov.jpeg'}]",benzinga,The week was a rollercoaster ride in the cryptocurrency world.,"['BTC', 'BTCUSD', 'DOGEUSD', 'ETH', 'ETHUSD', 'MSFT']",2024-12-15T13:00:18Z,https://www.benzinga.com/markets/cryptocurrency/24/12/42499232/schiffs-advice-to-biden-dogecoins-potential-surge-microsofts-bitcoin-proposal-and-more-this-week-in-crypto
Rounak Jain,,2024-12-14T08:35:46Z,"Crypto Market Predicted To Surge To All-Time Highs By Late 2025, But A 30% Drop In Bitcoin Prices Could Come First",42495782,"[{'size': 'large', 'url': 'https://cdn.benzinga.com/files/imagecache/2048x1536xUP/images/story/2024/12/14/Dogecoin-Doge--Ethereum-Eth--Bitcoin-Btc.jpeg'}, {'size': 'small', 'url': 'https://cdn.benzinga.com/files/imagecache/1024x768xUP/images/story/2024/12/14/Dogecoin-Doge--Ethereum-Eth--Bitcoin-Btc.jpeg'}, {'size': 'thumb', 'url': 'https://cdn.benzinga.com/files/imagecache/250x187xUP/images/story/2024/12/14/Dogecoin-Doge--Ethereum-Eth--Bitcoin-Btc.jpeg'}]",benzinga,"Asset manager VanEck has projected a significant upswing in the cryptocurrency market, anticipating record highs by the end of 2025.","['BTC', 'BTCUSD', 'ETH', 'ETHUSD']",2024-12-14T08:35:47Z,https://www.benzinga.com/24/12/42495782/crypto-market-predicted-to-surge-to-all-time-highs-by-late-2025-but-a-30-drop-in-bitcoin-prices-could-come-first
Aniket Verma,,2024-12-12T04:04:39Z,Trump-Backed World Liberty Financial Bags $10M In Ethereum: What's Going On?,42452819,"[{'size': 'large', 'url': 'https://cdn.benzinga.com/files/imagecache/2048x1536xUP/images/story/2024/12/11/Ethereum.jpeg'}, {'size': 'small', 'url': 'https://cdn.benzinga.com/files/imagecache/1024x768xUP/images/story/2024/12/11/Ethereum.jpeg'}, {'size': 'thumb', 'url': 'https://cdn.benzinga.com/files/imagecache/250x187xUP/images/story/2024/12/11/Ethereum.jpeg'}]",benzinga,"World Liberty Financial, a cryptocurrency project backed by President-elect Donald Trump, purchased Ethereum (CRYPTO: ETH) worth $10 million on Wednesday.","['ETH', 'ETHUSD', 'LINKUSD', 'USDCUSD']",2024-12-12T04:04:40Z,https://www.benzinga.com/markets/cryptocurrency/24/12/42452819/trump-backed-world-liberty-financial-bags-10m-in-ethereum-whats-going-on
Aniket Verma,,2024-12-11T06:34:14Z,"Dogecoin's Cycle Peak Projected $8-10 By Top Trader Amid Pullback, But Here's Why You Should Be Careful",42429730,"[{'size': 'large', 'url': 'https://cdn.benzinga.com/files/imagecache/2048x1536xUP/images/story/2024/12/11/Dogecoins-Value-Could-Soar-212-260-Says-.jpeg'}, {'size': 'small', 'url': 'https://cdn.benzinga.com/files/imagecache/1024x768xUP/images/story/2024/12/11/Dogecoins-Value-Could-Soar-212-260-Says-.jpeg'}, {'size': 'thumb', 'url': 'https://cdn.benzinga.com/files/imagecache/250x187xUP/images/story/2024/12/11/Dogecoins-Value-Could-Soar-212-260-Says-.jpeg'}]",benzinga,"Dogecoin (CRYPTO: DOGE) has taken a sharp U-turn this week amid the broader cryptocurrency market’s decline, but that hasn’t deterred optimists.","['BTCUSD', 'DOGEUSD', 'ETH', 'ETHUSD', 'FETH', 'IBIT']",2024-12-11T06:34:15Z,https://www.benzinga.com/markets/cryptocurrency/24/12/42429730/dogecoins-cycle-peak-projected-8-10-by-top-trader-amid-pullback-but-heres-why-you-should-be-careful
Aniket Verma,,2024-12-11T05:39:40Z,"Goldman Sachs CEO Says Bank Can Consider Bitcoin, Ethereum Spot Trading If Regulations Allow",42429413,"[{'size': 'large', 'url': 'https://cdn.benzinga.com/files/imagecache/2048x1536xUP/images/story/2024/12/11/Goldman-Sachs.jpeg'}, {'size': 'small', 'url': 'https://cdn.benzinga.com/files/imagecache/1024x768xUP/images/story/2024/12/11/Goldman-Sachs.jpeg'}, {'size': 'thumb', 'url': 'https://cdn.benzinga.com/files/imagecache/250x187xUP/images/story/2024/12/11/Goldman-Sachs.jpeg'}]",benzinga,Goldman Sachs Group Inc. (NYSE:GS) CEO David Solomon said on Tuesday that the investment banking giant might explore becoming a spot market maker for leading cryptocurrencies if more regulatory clarity is provided.,"['BTC', 'BTCUSD', 'ETH', 'ETHUSD', 'FETH', 'GS', 'IBIT']",2024-12-11T05:39:41Z,https://www.benzinga.com/markets/cryptocurrency/24/12/42429413/goldman-sachs-ceo-says-bank-can-consider-bitcoin-ethereum-spot-trading-if-regulations-allow
Aniket Verma,,2024-12-06T01:32:19Z,GameStop-Themed Memecoins Explode As Roaring Kitty Returns With Intriguing X Post: GME Coin Shoots Up Over 80%,42355841,"[{'size': 'large', 'url': 'https://cdn.benzinga.com/files/imagecache/2048x1536xUP/images/story/2024/12/05/Roaring-Kitty-illustration.png'}, {'size': 'small', 'url': 'https://cdn.benzinga.com/files/imagecache/1024x768xUP/images/story/2024/12/05/Roaring-Kitty-illustration.png'}, {'size': 'thumb', 'url': 'https://cdn.benzinga.com/files/imagecache/250x187xUP/images/story/2024/12/05/Roaring-Kitty-illustration.png'}]",benzinga,"Legendary trader Keith Gill, popularly known as Roaring Kitty, returned to social media on Thursday, sparking a wild spike in cryptocurrencies related to GameStop Corp. (NYSE:GME).","['BNBUSD', 'ETH', 'ETHUSD', 'GME']",2024-12-06T01:32:21Z,https://www.benzinga.com/trading-ideas/movers/24/12/42355841/gamestop-themed-memecoins-explode-as-roaring-kitty-returns-with-intriguing-x-post-gme-coin-shoots-up-over-80
Bibhu Pattnaik,,2024-12-01T19:45:49Z,"Gaming Company Bets Big On Bitcoin, Selling Ethereum For $50M Boost",42257446,"[{'size': 'large', 'url': 'https://cdn.benzinga.com/files/imagecache/2048x1536xUP/images/story/2024/12/01/Ethereum-Coin-And-Bitcoin-In-Background-.jpeg'}, {'size': 'small', 'url': 'https://cdn.benzinga.com/files/imagecache/1024x768xUP/images/story/2024/12/01/Ethereum-Coin-And-Bitcoin-In-Background-.jpeg'}, {'size': 'thumb', 'url': 'https://cdn.benzinga.com/files/imagecache/250x187xUP/images/story/2024/12/01/Ethereum-Coin-And-Bitcoin-In-Background-.jpeg'}]",benzinga,Hong Kong-based gaming firm Boyaa Interactive has traded its Ethereum (CRYPTO: ETH) holdings for nearly $50 million in Bitcoin (CRYPTO: BTC).,"['BTCUSD', 'ETH', 'ETHUSD', 'MSTR']",2024-12-01T19:45:51Z,https://www.benzinga.com/markets/cryptocurrency/24/12/42257446/gaming-company-bets-big-on-bitcoin-selling-ethereum-for-50m-boost
Aniket Verma,,2024-11-28T03:40:19Z,Ethereum Rally Gets Overshadowed By Searing Gains In Cheaper Plays: Why Are ENS And ETC Soaring Today?,42228464,"[{'size': 'large', 'url': 'https://cdn.benzinga.com/files/imagecache/2048x1536xUP/images/story/2024/11/27/Ethereum.jpeg'}, {'size': 'small', 'url': 'https://cdn.benzinga.com/files/imagecache/1024x768xUP/images/story/2024/11/27/Ethereum.jpeg'}, {'size': 'thumb', 'url': 'https://cdn.benzinga.com/files/imagecache/250x187xUP/images/story/2024/11/27/Ethereum.jpeg'}]",benzinga,"Ethereum&#39;s (CRYPTO: ETH) handsome rally on Wednesday infused life in its cheaper alternatives, causing them to outperform the marquee asset.","['ENSUSD', 'ETCUSD', 'ETH', 'ETHUSD']",2024-11-28T03:40:21Z,https://www.benzinga.com/trading-ideas/movers/24/11/42228464/ethereum-rally-gets-overshadowed-by-searing-gains-in-cheaper-plays-why-are-ens-and-etc-soaring-today
Justin Roberti,,2024-11-25T21:53:15Z,"EXCLUSIVE: Tim Draper Predicts Bitcoin To Reach $120K By End Of 2024, $250K In 2025",42176684,"[{'size': 'large', 'url': 'https://cdn.benzinga.com/files/imagecache/2048x1536xUP/images/story/2024/11/25/What-Happened-.jpeg'}, {'size': 'small', 'url': 'https://cdn.benzinga.com/files/imagecache/1024x768xUP/images/story/2024/11/25/What-Happened-.jpeg'}, {'size': 'thumb', 'url': 'https://cdn.benzinga.com/files/imagecache/250x187xUP/images/story/2024/11/25/What-Happened-.jpeg'}]",benzinga,"Tim Draper, a prominent venture capitalist and cryptocurrency enthusiast, has made Bitcoin price predictions since 2014.



That year, Draper predicted Bitcoin to be $10,000 by the end of 2017. Despite skepticism, his forecast proved accurate, as Bitcoin hit $10,000 in November 2017 during its dramatic bull run.","['BTCUSD', 'ETH', 'ETHUSD', 'SOLUSD', 'USDTUSD', 'XRPUSD']",2024-11-25T21:53:16Z,https://www.benzinga.com/markets/cryptocurrency/24/11/42176684/exclusive-tim-draper-predicts-bitcoin-to-reach-120k-by-end-of-2024-250k-in-2025
Aniket Verma,,2024-11-19T01:41:35Z,Trump And Coinbase CEO Brian Armstrong Reportedly In Talks Over Cabinet Appointments,42052797,"[{'size': 'large', 'url': 'https://cdn.benzinga.com/files/imagecache/2048x1536xUP/images/story/2024/11/18/brian-armstrong-coinbase_1.jpeg'}, {'size': 'small', 'url': 'https://cdn.benzinga.com/files/imagecache/1024x768xUP/images/story/2024/11/18/brian-armstrong-coinbase_1.jpeg'}, {'size': 'thumb', 'url': 'https://cdn.benzinga.com/files/imagecache/250x187xUP/images/story/2024/11/18/brian-armstrong-coinbase_1.jpeg'}]",benzinga,"President-elect Donald Trump was discussing potential cabinet appointments with Brian Armstrong, the CEO of cryptocurrency exchange platform Coinbase Global Inc. (NASDAQ:COIN), in a closed-door meeting Monday","['ADAUSD', 'COIN', 'ETH', 'ETHUSD']",2024-11-19T01:41:36Z,https://www.benzinga.com/markets/cryptocurrency/24/11/42052797/trump-and-coinbase-ceo-brian-armstrong-reportedly-in-talks-over-cabinet-appointments
Aniket Verma,,2024-11-18T07:49:57Z,"Wall Street's Banking Giants Load Up On Bitcoin, Ethereum ETFs: Here's What JPMorgan, Goldman Sachs And Morgan Stanley Hold",42029764,"[{'size': 'large', 'url': 'https://cdn.benzinga.com/files/imagecache/2048x1536xUP/images/story/2024/11/18/Cryptocurrency-Photo-by-Avi-Rozen-on-Shu.jpeg'}, {'size': 'small', 'url': 'https://cdn.benzinga.com/files/imagecache/1024x768xUP/images/story/2024/11/18/Cryptocurrency-Photo-by-Avi-Rozen-on-Shu.jpeg'}, {'size': 'thumb', 'url': 'https://cdn.benzinga.com/files/imagecache/250x187xUP/images/story/2024/11/18/Cryptocurrency-Photo-by-Avi-Rozen-on-Shu.jpeg'}]",benzinga,Global investment banks revealed significant positions held in cryptocurrency-related exchange-traded funds (ETFs) and Bitcoin (CRYPTO: BTC) stock MicroStrategy Inc.,"['BTC', 'BTCUSD', 'ETH', 'ETHA', 'ETHE', 'ETHUSD', 'FBTC', 'FETH', 'GS', 'IBIT', 'MS', 'MSTR']",2024-11-18T07:49:58Z,https://www.benzinga.com/24/11/42029764/global-banks-jp-morgan-goldman-sachs-add-to-bitcoin-ethere-etf-positions-in-q3-morgan-stanley-increases-microstrategy-stake-to-16b
Bibhu Pattnaik,,2024-11-17T19:20:18Z,Forget Dogecoin And Shiba Inu — This Meme Coin Skyrockets After Coinbase Hints At Possible Listing,42027124,"[{'size': 'large', 'url': 'https://cdn.benzinga.com/files/imagecache/2048x1536xUP/images/story/2024/11/17/Floki-Came-In-Second.jpeg'}, {'size': 'small', 'url': 'https://cdn.benzinga.com/files/imagecache/1024x768xUP/images/story/2024/11/17/Floki-Came-In-Second.jpeg'}, {'size': 'thumb', 'url': 'https://cdn.benzinga.com/files/imagecache/250x187xUP/images/story/2024/11/17/Floki-Came-In-Second.jpeg'}]",benzinga,Dogecoin (CRYPTO: DOGE) rival meme coin Floki (CRYPTO: FLOKI) has experienced a significant surge in value.,"['DOGEUSD', 'ETH', 'FLOKIUSD', 'SHIBUSD']",2024-11-17T19:20:19Z,https://www.benzinga.com/markets/cryptocurrency/24/11/42027124/forget-dogecoin-and-shiba-inu-this-meme-coin-skyrockets-after-coinbase-hints-at-possible-listing
Rounak Jain,,2024-11-16T06:57:43Z,"Michael Van De Poppe Says Bitcoin, Ethereum And Altcoins Close To The Point Where Investors Can 'Buy The Dip'",42022585,"[{'size': 'large', 'url': 'https://cdn.benzinga.com/files/imagecache/2048x1536xUP/images/story/2024/11/16/Bitcoin-Ethereum-Litecoin-Shutterstock.jpeg'}, {'size': 'small', 'url': 'https://cdn.benzinga.com/files/imagecache/1024x768xUP/images/story/2024/11/16/Bitcoin-Ethereum-Litecoin-Shutterstock.jpeg'}, {'size': 'thumb', 'url': 'https://cdn.benzinga.com/files/imagecache/250x187xUP/images/story/2024/11/16/Bitcoin-Ethereum-Litecoin-Shutterstock.jpeg'}]",benzinga,"Cryptocurrency enthusiasts are closely watching as both Bitcoin (CRYPTO: BTC) and Ethereum (CRYPTO: ETH) near critical buying levels, according to renowned analyst Michael van de Poppe.","['BTC', 'BTCUSD', 'ETH', 'ETHUSD']",2024-11-16T06:57:44Z,https://www.benzinga.com/24/11/42022585/michael-van-de-poppe-says-bitcoin-ethereum-and-altcoins-close-to-the-point-where-investors-can-buy-the-dip
Murtuza Merchant,,2024-11-12T15:28:22Z,"Raoul Pal Predicted Bitcoin To Hit $250,000—But He Thinks Ethereum Could Outperform Under Donald Trump's Administration",41907505,"[{'size': 'large', 'url': 'https://cdn.benzinga.com/files/imagecache/2048x1536xUP/images/story/2024/11/12/raoul-pal-coindesk.jpeg'}, {'size': 'small', 'url': 'https://cdn.benzinga.com/files/imagecache/1024x768xUP/images/story/2024/11/12/raoul-pal-coindesk.jpeg'}, {'size': 'thumb', 'url': 'https://cdn.benzinga.com/files/imagecache/250x187xUP/images/story/2024/11/12/raoul-pal-coindesk.jpeg'}]",benzinga,"Raoul Pal, CEO of Real Vision, has suggested that Ethereum (CRYPTO: ETH) could benefit more than Bitcoin (CRYPTO: BTC) ","['BTCUSD', 'ETH', 'ETHUSD', 'SOLUSD', 'SUIUSD']",2024-11-12T15:28:23Z,https://www.benzinga.com/markets/cryptocurrency/24/11/41907505/raoul-pal-predicted-bitcoin-to-hit-250000-but-he-thinks-ethereum-could-outperform-under-donald-trumps-administration
Aniket Verma,,2024-11-12T05:17:49Z,"Dogecoin, Bitcoin Returns Are Dazzling But First Neiro On Ethereum And Popcat Have Run Up 55000% and 20000% So Far In 2024",41891682,"[{'size': 'large', 'url': 'https://cdn.benzinga.com/files/imagecache/2048x1536xUP/images/story/2024/11/12/Cryptocurrency-Photo-by-CMP-NZ-on-Shutte.jpeg'}, {'size': 'small', 'url': 'https://cdn.benzinga.com/files/imagecache/1024x768xUP/images/story/2024/11/12/Cryptocurrency-Photo-by-CMP-NZ-on-Shutte.jpeg'}, {'size': 'thumb', 'url': 'https://cdn.benzinga.com/files/imagecache/250x187xUP/images/story/2024/11/12/Cryptocurrency-Photo-by-CMP-NZ-on-Shutte.jpeg'}]",benzinga,"The ongoing cryptocurrency bull run resulted in a dramatic rise in fortunes, with some coins seeing their year-to-date returns go through the roof.



What happened: Meme coins have taken the lead, with Popcat and First Neiro on Ethereum netting eye-popping returns to their holders in 2024.","['BTCUSD', 'DOGEUSD', 'ETH', 'ETHUSD', 'SOLUSD', 'USDCUSD', 'XRPUSD']",2024-11-12T05:17:50Z,https://www.benzinga.com/trading-ideas/movers/24/11/41891682/dogecoin-bitcoin-returns-are-dazzling-but-first-neiro-on-ethereum-and-popcat-have-run-up-55000-and-20000-so-far-in-2024
Rounak Jain,,2024-11-09T03:18:57Z,"Ethereum Skyrocket 70% To Reclaim Its Peak Once This Happens, Says Crypto Expert",41862639,"[{'size': 'large', 'url': 'https://cdn.benzinga.com/files/imagecache/2048x1536xUP/images/story/2024/11/08/Ethereum-Coin-And-Bitcoin-In-Background-_0.jpeg'}, {'size': 'small', 'url': 'https://cdn.benzinga.com/files/imagecache/1024x768xUP/images/story/2024/11/08/Ethereum-Coin-And-Bitcoin-In-Background-_0.jpeg'}, {'size': 'thumb', 'url': 'https://cdn.benzinga.com/files/imagecache/250x187xUP/images/story/2024/11/08/Ethereum-Coin-And-Bitcoin-In-Background-_0.jpeg'}]",benzinga,"Ethereum (CRYPTO: ETH) could be on the cusp of a significant rally, according to a well-known crypto analyst, which would see the cryptocurrency skyrocket by nearly 70% to reclaim its all-time high.","['ETH', 'ETHUSD']",2024-11-09T03:18:58Z,https://www.benzinga.com/24/11/41862639/ethereum-skyrocket-70-to-reclaim-its-peak-once-this-happens-says-crypto-expert
Murtuza Merchant,,2024-11-08T18:36:57Z,Cardano Up 13% As Speculation Around Charles Hoskinson As Trump Crypto Policy Advisor Bubbles,41853924,"[{'size': 'large', 'url': 'https://cdn.benzinga.com/files/imagecache/2048x1536xUP/images/story/2024/11/08/10--Cardano.jpeg'}, {'size': 'small', 'url': 'https://cdn.benzinga.com/files/imagecache/1024x768xUP/images/story/2024/11/08/10--Cardano.jpeg'}, {'size': 'thumb', 'url': 'https://cdn.benzinga.com/files/imagecache/250x187xUP/images/story/2024/11/08/10--Cardano.jpeg'}]",benzinga,"Speculation has arisen regarding Charles Hoskinson, the co-founder of Ethereum (CRYPTO: ETH) and Cardano (CRYPTO: ADA), potentially serving as a ","['ADAUSD', 'BTCUSD', 'ETH', 'ETHUSD', 'USDCUSD', 'USDTUSD']",2024-11-08T18:36:59Z,https://www.benzinga.com/markets/cryptocurrency/24/11/41853924/cardano-up-13-as-speculation-around-charles-hoskinson-as-trump-crypto-policy-advisor-bubbles
Benzinga Newsdesk,,2024-10-29T23:00:22Z,Coinbase Customers Will Be Able To Deposit Funds Into Their Coinbase Account In Real-time Using Eligible Visa Debit Cards,41614572,[],benzinga,,"['BTC', 'COIN', 'ETH', 'V']",2024-10-30T09:19:37Z,https://www.benzinga.com/24/10/41614572/coinbase-customers-will-be-able-to-deposit-funds-into-their-coinbase-account-in-real-time1-using-eli
Murtuza Merchant,,2024-10-29T15:51:37Z,"Grayscale's Bitcoin, Ethereum Funds See $750M Inflows In 3 Months",41604244,"[{'size': 'large', 'url': 'https://cdn.benzinga.com/files/imagecache/2048x1536xUP/images/story/2024/10/29/grayscale-chart-shutter.jpeg'}, {'size': 'small', 'url': 'https://cdn.benzinga.com/files/imagecache/1024x768xUP/images/story/2024/10/29/grayscale-chart-shutter.jpeg'}, {'size': 'thumb', 'url': 'https://cdn.benzinga.com/files/imagecache/250x187xUP/images/story/2024/10/29/grayscale-chart-shutter.jpeg'}]",benzinga,Grayscale Investments announced on Tuesday that its newly launched Bitcoin (CRYPTO: BTC) and Ethereum (CRYPTO: ETH) exchange-traded products (ETPs) have at,"['BTC', 'BTCUSD', 'ETH', 'ETHUSD']",2024-10-29T15:51:38Z,https://www.benzinga.com/markets/cryptocurrency/24/10/41604244/grayscales-bitcoin-ethereum-funds-see-750m-inflows-in-3-months
Aniket Verma,,2024-10-28T04:28:21Z,"Elon Musk's 'Doge-Flex' Pose Sends Dogecoin, First Neiro On Ethereum Soaring",41566233,"[{'size': 'large', 'url': 'https://cdn.benzinga.com/files/imagecache/2048x1536xUP/images/story/2024/10/28/The-Context.jpeg'}, {'size': 'small', 'url': 'https://cdn.benzinga.com/files/imagecache/1024x768xUP/images/story/2024/10/28/The-Context.jpeg'}, {'size': 'thumb', 'url': 'https://cdn.benzinga.com/files/imagecache/250x187xUP/images/story/2024/10/28/The-Context.jpeg'}]",benzinga,"Dog-themed cryptocurrencies Dogecoin and First Neiro On Ethereum, bounded together by a &#34;familial&#34; connection, led the meme coin rally Sunday.","['BTCUSD', 'DOGEUSD', 'ETH', 'ETHUSD', 'PEPEUSD', 'SHIBUSD']",2024-10-28T04:28:22Z,https://www.benzinga.com/markets/cryptocurrency/24/10/41566233/elon-musks-doge-flex-pose-sends-dogecoin-first-neiro-on-ethereum-soaring
Murtuza Merchant,,2024-10-23T13:01:22Z,Bitcoin Spot ETF Nets $79M Outflow After 7-Day Inflow Streak,41487660,"[{'size': 'large', 'url': 'https://cdn.benzinga.com/files/imagecache/2048x1536xUP/images/story/2024/10/23/Bitcoin-ETF.jpeg'}, {'size': 'small', 'url': 'https://cdn.benzinga.com/files/imagecache/1024x768xUP/images/story/2024/10/23/Bitcoin-ETF.jpeg'}, {'size': 'thumb', 'url': 'https://cdn.benzinga.com/files/imagecache/250x187xUP/images/story/2024/10/23/Bitcoin-ETF.jpeg'}]",benzinga,Bitcoin outflow of $79.09 million signals growing investor caution while Ethereum inflow of $11.9 million highlights relative strength.,"['ARKB', 'BTC', 'BTCUSD', 'ETH', 'FETH', 'IBIT']",2024-10-23T13:01:23Z,https://www.benzinga.com/markets/cryptocurrency/24/10/41487660/bitcoin-spot-etf-nets-79m-outflow-after-7-day-inflow-streak
Aniket Verma,,2024-10-16T04:04:00Z,Cathie Wood's Ark Invest Says Ethereum Is A Big Idea That Will Transform The Financial Services Industry — ETH Is Beginning To 'Develop Attributes' Similar To US Treasury Bills,41349588,"[{'size': 'large', 'url': 'https://cdn.benzinga.com/files/imagecache/2048x1536xUP/images/story/2024/10/16/Cathie-Woods-Ark-Invest-Continues-To-Sel.jpeg'}, {'size': 'small', 'url': 'https://cdn.benzinga.com/files/imagecache/1024x768xUP/images/story/2024/10/16/Cathie-Woods-Ark-Invest-Continues-To-Sel.jpeg'}, {'size': 'thumb', 'url': 'https://cdn.benzinga.com/files/imagecache/250x187xUP/images/story/2024/10/16/Cathie-Woods-Ark-Invest-Continues-To-Sel.jpeg'}]",benzinga,Asset management firm Ark Invest expressed belief in the transformative potential of the Ethereum (CRYPTO: ETH) network for the financial services industry.,"['ARKB', 'BTCUSD', 'ETH', 'ETHUSD']",2024-10-16T04:04:01Z,https://www.benzinga.com/markets/cryptocurrency/24/10/41349588/cathie-woods-ark-invest-says-ethereum-is-a-big-idea-that-will-transform-the-financial-serv
Khyathi Dalal,,2024-10-15T17:56:43Z,"Donald Trump's World Liberty Financial Token Sales Hit $220M In First Hour, Website Faces Multiple Outages",41341588,"[{'size': 'large', 'url': 'https://cdn.benzinga.com/files/imagecache/2048x1536xUP/images/story/2024/10/15/Why-It-Matters.jpeg'}, {'size': 'small', 'url': 'https://cdn.benzinga.com/files/imagecache/1024x768xUP/images/story/2024/10/15/Why-It-Matters.jpeg'}, {'size': 'thumb', 'url': 'https://cdn.benzinga.com/files/imagecache/250x187xUP/images/story/2024/10/15/Why-It-Matters.jpeg'}]",benzinga,"Donald Trump&#39;s family project World Liberty Financial (WLFI) hit the floors, with its token sale reaching $220 million in value within first hour despite website crashes.","['ETH', 'ETHUSD', 'USDCUSD', 'USDTUSD']",2024-10-15T17:56:44Z,https://www.benzinga.com/markets/cryptocurrency/24/10/41341588/donald-trumps-world-liberty-financial-token-sales-hit-220m-in-first-hour-website-faces-mul
Rounak Jain,,2024-10-05T11:00:47Z,Cryptocurrency Expert Predicts Significant Drops For Bitcoin And Ethereum Before Altcoin Season Begins,41195610,"[{'size': 'large', 'url': 'https://cdn.benzinga.com/files/imagecache/2048x1536xUP/images/story/2024/10/05/Crypto-Bitcoin-Altcoins-Shutterstock.jpeg'}, {'size': 'small', 'url': 'https://cdn.benzinga.com/files/imagecache/1024x768xUP/images/story/2024/10/05/Crypto-Bitcoin-Altcoins-Shutterstock.jpeg'}, {'size': 'thumb', 'url': 'https://cdn.benzinga.com/files/imagecache/250x187xUP/images/story/2024/10/05/Crypto-Bitcoin-Altcoins-Shutterstock.jpeg'}]",benzinga,"Well-known cryptocurrency trader, Capo, has forecasted potential significant declines for Bitcoin (CRYPTO: BTC) and Ethereum (CRYPTO: ETH).","['BTC', 'BTCUSD', 'ETH', 'ETHUSD']",2024-10-05T11:00:48Z,https://www.benzinga.com/analyst-ratings/analyst-color/24/10/41195610/cryptocurrency-expert-predicts-significant-drops-for-bitcoin-and-ethereum-before-al
Murtuza Merchant,,2024-10-03T17:08:24Z,"Grayscale Launches New Fund For AAVE, Expands Investment Product Line",41170643,"[{'size': 'large', 'url': 'https://cdn.benzinga.com/files/imagecache/2048x1536xUP/images/story/2024/10/03/grayscale-chart-shutter.jpeg'}, {'size': 'small', 'url': 'https://cdn.benzinga.com/files/imagecache/1024x768xUP/images/story/2024/10/03/grayscale-chart-shutter.jpeg'}, {'size': 'thumb', 'url': 'https://cdn.benzinga.com/files/imagecache/250x187xUP/images/story/2024/10/03/grayscale-chart-shutter.jpeg'}]",benzinga,"Crypto asset manager Grayscale has introduced a new investment product providing exposure to Aave‘s native token, (CRYPTO: AAVE), as part of the firm&#39;s ongoing efforts to offer a wider range of innovative ","['AAVEUSD', 'BTC', 'ETH', 'ETHE', 'ETHUSD', 'GBTC']",2024-10-03T17:08:25Z,https://www.benzinga.com/markets/cryptocurrency/24/10/41170643/grayscale-launches-new-fund-for-aave-expands-investment-product-line
Benzinga Neuro,,2024-09-18T08:18:41Z,"Jamie Dimon Says JPMorgan Is Likely 'One Of The Bigger Users' Of Blockchain Technology, But Calls Cryptocurrencies A 'Pet Rock'",40913998,"[{'size': 'large', 'url': 'https://cdn.benzinga.com/files/imagecache/2048x1536xUP/images/story/2024/09/18/Jamie-Dimon-Speaks-During-Ceremony-For-F.jpeg'}, {'size': 'small', 'url': 'https://cdn.benzinga.com/files/imagecache/1024x768xUP/images/story/2024/09/18/Jamie-Dimon-Speaks-During-Ceremony-For-F.jpeg'}, {'size': 'thumb', 'url': 'https://cdn.benzinga.com/files/imagecache/250x187xUP/images/story/2024/09/18/Jamie-Dimon-Speaks-During-Ceremony-For-F.jpeg'}]",benzinga,"Jamie Dimon, CEO of JPMorgan Chase, stated that the bank is “probably one of the bigger users of blockchain” during an interview on Tuesday at the ","['BTCUSD', 'ETH', 'ETHUSD', 'GBTC']",2024-09-18T08:18:42Z,https://www.benzinga.com/markets/cryptocurrency/24/09/40913998/jamie-dimon-says-jpmorgan-is-likely-one-of-the-bigger-users-of-blockchain-technology-but-c
Aniket Verma,,2024-09-13T05:43:55Z,"Gary Gensler-Led SEC Directs Crypto Firm To Halt Trading For All Coins But Bitcoin, Ethereum, And Bitcoin Cash — What Does It Mean?",40847331,"[{'size': 'large', 'url': 'https://cdn.benzinga.com/files/imagecache/2048x1536xUP/images/story/2024/09/13/Securities-and-Exchange-Commission.jpeg'}, {'size': 'small', 'url': 'https://cdn.benzinga.com/files/imagecache/1024x768xUP/images/story/2024/09/13/Securities-and-Exchange-Commission.jpeg'}, {'size': 'thumb', 'url': 'https://cdn.benzinga.com/files/imagecache/250x187xUP/images/story/2024/09/13/Securities-and-Exchange-Commission.jpeg'}]",benzinga,A key detail revealed as part of the SEC’s settlement with the cryptocurrency platform eToro has suggested a drastic shift in the agency’s perspective on Ethereum (CRYPTO: ETH). ,"['BCHUSD', 'BTCUSD', 'ETH', 'ETHUSD']",2024-09-13T05:43:56Z,https://www.benzinga.com/markets/cryptocurrency/24/09/40847331/gary-gensler-led-sec-directs-crypto-firm-to-halt-trading-for-all-coins-but-bitcoin-ethereu
Aniket Verma,,2024-09-12T04:50:53Z,Dogecoin 'Millionaire' Champions NEIRO Amid 1024% Spike Since Launch: 'Clear WINNER Of Dog Themed Memecoin This Upcoming Bullrun',40825504,"[{'size': 'large', 'url': 'https://cdn.benzinga.com/files/imagecache/2048x1536xUP/images/story/2024/09/12/Dogecoin-Photo-by-Dennis-Diatel-on-Shutt.jpeg'}, {'size': 'small', 'url': 'https://cdn.benzinga.com/files/imagecache/1024x768xUP/images/story/2024/09/12/Dogecoin-Photo-by-Dennis-Diatel-on-Shutt.jpeg'}, {'size': 'thumb', 'url': 'https://cdn.benzinga.com/files/imagecache/250x187xUP/images/story/2024/09/12/Dogecoin-Photo-by-Dennis-Diatel-on-Shutt.jpeg'}]",benzinga,"Glauber Contessoto, popularly known as SlumDOGE Millionaire, projected Neiro as the next major smash in the dog-themed memecoin arena amid the cryptocurrency’s upswing on the price charts.","['DOGEUSD', 'ETH', 'ETHUSD', 'SHIBUSD']",2024-09-12T04:50:54Z,https://www.benzinga.com/markets/cryptocurrency/24/09/40825504/dogecoin-millionaire-champions-neiro-amid-1024-spike-since-launch-clear-winner-of-dog-them
Aniket Verma,,2024-09-11T06:02:41Z,"Trump-Themed MAGA Coin Crashes, Harris-Inspired Token Soars After Presidential Debate",40807945,"[{'size': 'large', 'url': 'https://cdn.benzinga.com/files/imagecache/2048x1536xUP/images/story/2024/09/11/Trumps-Im-Talking-Now-Moment.jpeg'}, {'size': 'small', 'url': 'https://cdn.benzinga.com/files/imagecache/1024x768xUP/images/story/2024/09/11/Trumps-Im-Talking-Now-Moment.jpeg'}, {'size': 'thumb', 'url': 'https://cdn.benzinga.com/files/imagecache/250x187xUP/images/story/2024/09/11/Trumps-Im-Talking-Now-Moment.jpeg'}]",benzinga,Cryptocurrency tokens linked with Donald Trump and Kamala Harris were a picture of contrast as the high-voltage debate between the presidential hopefuls drew to a close.,"['BTCUSD', 'ETH', 'ETHUSD', 'SOLUSD']",2024-09-11T06:02:42Z,https://www.benzinga.com/markets/cryptocurrency/24/09/40807945/trump-themed-maga-coin-crashes-harris-inspired-token-soars-after-presidential-debate
Murtuza Merchant,,2024-09-10T13:28:48Z,"Bitcoin Back To $57K, But Monday's ETF Inflows Don't Drag It Out Of Bearish Territory, Analysts Say",40794254,"[{'size': 'large', 'url': 'https://cdn.benzinga.com/files/imagecache/2048x1536xUP/images/story/2024/09/10/BITCOIN-ETF.jpeg'}, {'size': 'small', 'url': 'https://cdn.benzinga.com/files/imagecache/1024x768xUP/images/story/2024/09/10/BITCOIN-ETF.jpeg'}, {'size': 'thumb', 'url': 'https://cdn.benzinga.com/files/imagecache/250x187xUP/images/story/2024/09/10/BITCOIN-ETF.jpeg'}]",benzinga,Bitcoin (CRYPTO: BTC) spot ETFs recorded a total net inflow of $28.72 million on Sep.,"['BTCUSD', 'ETH', 'ETHE', 'ETHUSD', 'FBTC', 'GBTC']",2024-09-10T13:28:49Z,https://www.benzinga.com/markets/cryptocurrency/24/09/40794254/bitcoin-back-to-57k-but-mondays-etf-inflows-dont-drag-it-out-of-bearish-territory-analysts
Chris Katje,,2024-09-06T20:30:50Z,"Peter Thiel Supports Trump, Backed Ethereum's Buterin: 5 Facts You Might Not Know About PayPal, Palantir Co-Founder",40756735,"[{'size': 'large', 'url': 'https://cdn.benzinga.com/files/imagecache/2048x1536xUP/images/story/2024/09/06/Cleveland--Ohio--Usa--July-21--2016-Pete.jpeg'}, {'size': 'small', 'url': 'https://cdn.benzinga.com/files/imagecache/1024x768xUP/images/story/2024/09/06/Cleveland--Ohio--Usa--July-21--2016-Pete.jpeg'}, {'size': 'thumb', 'url': 'https://cdn.benzinga.com/files/imagecache/250x187xUP/images/story/2024/09/06/Cleveland--Ohio--Usa--July-21--2016-Pete.jpeg'}]",benzinga,Peter Thiel is best known to many investors as the co-founder of PayPal Holdings (NASDAQ:PYPL) and Palantir Technologies Inc (NYSE:PLTR).,"['BTCUSD', 'ETH', 'ETHUSD', 'META', 'PLTR', 'PYPL']",2024-09-06T20:30:51Z,https://www.benzinga.com/general/education/24/09/40756735/peter-thiel-supports-trump-backed-ethereums-buterin-5-facts-you-might-not-know-about-paypal-pal
Murtuza Merchant,,2024-09-06T13:52:57Z,"Bitcoin Nears $55,000 As Experts Warn Of Market Peak: Potential Drop Below $50K 'Inevitable'",40750037,"[{'size': 'large', 'url': 'https://cdn.benzinga.com/files/imagecache/2048x1536xUP/images/story/2024/09/06/1--Bitcoin.jpeg'}, {'size': 'small', 'url': 'https://cdn.benzinga.com/files/imagecache/1024x768xUP/images/story/2024/09/06/1--Bitcoin.jpeg'}, {'size': 'thumb', 'url': 'https://cdn.benzinga.com/files/imagecache/250x187xUP/images/story/2024/09/06/1--Bitcoin.jpeg'}]",benzinga,"As Bitcoin (CRYPTO: BTC) hovers near the $55,000 mark, experts are sounding alarms about a potential drop below $50,000, citing critical market indicators.","['BTC', 'BTCUSD', 'ETH', 'ETHE', 'ETHUSD', 'FBTC', 'GBTC']",2024-09-06T13:52:58Z,https://www.benzinga.com/markets/cryptocurrency/24/09/40750037/bitcoin-nears-55-000-as-experts-warn-of-market-peak-potential-drop-below-50k-inevitable
Aniket Verma,,2024-09-05T07:57:34Z,"Puff, Puff, Pass: This Crypto Project Wants You To Vape To Earn, Raises $6M For Specially-Designed Vapes",40724142,"[{'size': 'large', 'url': 'https://cdn.benzinga.com/files/imagecache/2048x1536xUP/images/story/2024/09/05/Vaping.jpeg'}, {'size': 'small', 'url': 'https://cdn.benzinga.com/files/imagecache/1024x768xUP/images/story/2024/09/05/Vaping.jpeg'}, {'size': 'thumb', 'url': 'https://cdn.benzinga.com/files/imagecache/250x187xUP/images/story/2024/09/05/Vaping.jpeg'}]",benzinga,"“There is no such thing as ‘just one cigarette’ when you quit.” How many times have you seen such public service announcements in movies, advertisements, and social timelines without batting an eyelid?



Well, would you care if there were financial incentives to reduce taking in those puffs?","['ETH', 'ETHUSD', 'SOLUSD']",2024-09-05T07:57:35Z,https://www.benzinga.com/markets/cryptocurrency/24/09/40724142/puff-puff-pass-this-crypto-project-wants-you-to-vape-to-earn-raises-6m-for-specially-desig
Murtuza Merchant,,2024-08-30T12:06:41Z,"Bitcoin Dips Below $60,000 As Spot ETFs See $71.7M Outflow",40650212,"[{'size': 'large', 'url': 'https://cdn.benzinga.com/files/imagecache/2048x1536xUP/images/story/2024/08/30/Panico-nel-mercato-crypto-Bitcoin-scende.jpeg'}, {'size': 'small', 'url': 'https://cdn.benzinga.com/files/imagecache/1024x768xUP/images/story/2024/08/30/Panico-nel-mercato-crypto-Bitcoin-scende.jpeg'}, {'size': 'thumb', 'url': 'https://cdn.benzinga.com/files/imagecache/250x187xUP/images/story/2024/08/30/Panico-nel-mercato-crypto-Bitcoin-scende.jpeg'}]",benzinga,"Bitcoin and Ethereum spot ETFs experienced notable fund outflows on Aug. 29, signaling ongoing uncertainty in the cryptocurrency markets.","['ARKB', 'BTCUSD', 'ETH', 'ETHE', 'ETHUSD', 'GBTC']",2024-08-30T12:06:42Z,https://www.benzinga.com/markets/cryptocurrency/24/08/40650212/bitcoin-dips-below-60-000-as-spot-etfs-see-71-7m-outflow
Aniket Verma,,2024-08-26T01:35:31Z,Telegram Founder Pavel Durov's Arrest In France Sparks Reactions From Ethereum Creator Vitalik Buterin And Tron Founder Justin Sun,40545146,"[{'size': 'large', 'url': 'https://cdn.benzinga.com/files/imagecache/2048x1536xUP/images/story/2024/08/25/Vitalik-Buterin-Pavel-Durov.jpeg'}, {'size': 'small', 'url': 'https://cdn.benzinga.com/files/imagecache/1024x768xUP/images/story/2024/08/25/Vitalik-Buterin-Pavel-Durov.jpeg'}, {'size': 'thumb', 'url': 'https://cdn.benzinga.com/files/imagecache/250x187xUP/images/story/2024/08/25/Vitalik-Buterin-Pavel-Durov.jpeg'}]",benzinga,Prominent voices from the cryptocurrency space reacted to the arrest of the popular messaging app Telegram‘s CEO and founder Pavel Durov in France.,"['ETH', 'ETHUSD', 'TRX', 'TRXUSD']",2024-08-26T01:35:32Z,https://www.benzinga.com/markets/cryptocurrency/24/08/40545146/telegram-founder-pavel-durovs-arrest-in-france-sparks-reactions-from-ethereum-creator-vita
Rounak Jain,,2024-08-24T05:35:41Z,"Bitcoin Could Hit New All-Time High In Next Two Weeks If This Key Level Breaks, Says Top Analyst",40540245,"[{'size': 'large', 'url': 'https://cdn.benzinga.com/files/imagecache/2048x1536xUP/images/story/2024/08/24/Bitcoin-rally.jpeg'}, {'size': 'small', 'url': 'https://cdn.benzinga.com/files/imagecache/1024x768xUP/images/story/2024/08/24/Bitcoin-rally.jpeg'}, {'size': 'thumb', 'url': 'https://cdn.benzinga.com/files/imagecache/250x187xUP/images/story/2024/08/24/Bitcoin-rally.jpeg'}]",benzinga,Crypto strategist Michaël van de Poppe predicts Bitcoin (CRYPTO: BTC) is poised for new all-time highs if it surpasses a crucial resistance level.,"['BTC', 'BTCUSD', 'ETH', 'ETHUSD']",2024-08-24T05:35:42Z,https://www.benzinga.com/analyst-ratings/analyst-color/24/08/40540245/bitcoin-could-hit-new-all-time-high-in-next-two-weeks-if-this-key-level-breaks-says
Murtuza Merchant,,2024-08-23T12:29:38Z,Bitcoin ETFs Extend Inflow Streak To 6 Days Ahead Of Fed Speech: Here's What Powell Needs To Say To 'Fuel Strong Bullish Momentum',40526449,"[{'size': 'large', 'url': 'https://cdn.benzinga.com/files/imagecache/2048x1536xUP/images/story/2024/08/23/Bitcoin-ETFs.jpeg'}, {'size': 'small', 'url': 'https://cdn.benzinga.com/files/imagecache/1024x768xUP/images/story/2024/08/23/Bitcoin-ETFs.jpeg'}, {'size': 'thumb', 'url': 'https://cdn.benzinga.com/files/imagecache/250x187xUP/images/story/2024/08/23/Bitcoin-ETFs.jpeg'}]",benzinga,The cryptocurrency market is witnessing divergent trends in exchange-traded fund (ETF) flows as investors position themselves ahead of Federal Reserve Chair Jerome Powell‘s anticipated speech at Jackson Hole.,"['BTCUSD', 'ETH', 'ETHE', 'ETHUSD', 'FBTC', 'FETH', 'GBTC', 'IBIT']",2024-08-23T12:29:39Z,https://www.benzinga.com/markets/cryptocurrency/24/08/40526449/bitcoin-etfs-extend-inflow-streak-to-6-days-ahead-of-fed-speech-heres-what-powell-needs-to
Murtuza Merchant,,2024-08-22T12:32:08Z,"Bitcoin Back Above $61,000 As ETFs Record Fifth Straight Day Of Inflows",40505567,"[{'size': 'large', 'url': 'https://cdn.benzinga.com/files/imagecache/2048x1536xUP/images/story/2024/08/22/Bitcoin-ETFs.jpeg'}, {'size': 'small', 'url': 'https://cdn.benzinga.com/files/imagecache/1024x768xUP/images/story/2024/08/22/Bitcoin-ETFs.jpeg'}, {'size': 'thumb', 'url': 'https://cdn.benzinga.com/files/imagecache/250x187xUP/images/story/2024/08/22/Bitcoin-ETFs.jpeg'}]",benzinga,"Bitcoin spot ETFs recorded a total net inflow of $39.425 million on Aug. 21, showcasing continued investor interest despite looming economic uncertainties. ","['BTC', 'BTCUSD', 'COIN', 'ETH', 'ETHE', 'ETHUSD', 'FBTC', 'FETH', 'GBTC']",2024-08-22T12:32:09Z,https://www.benzinga.com/markets/cryptocurrency/24/08/40505567/bitcoin-back-above-61-000-as-etfs-record-fifth-straight-day-of-inflows
Murtuza Merchant,,2024-08-20T12:57:45Z,Bitcoin ETFs Vs. Ethereum ETFs: How Do They Compare One Month Into The ETH ETF Launch?,40461920,"[{'size': 'large', 'url': 'https://cdn.benzinga.com/files/imagecache/2048x1536xUP/images/story/2024/08/20/Bitcoin-ETF.jpeg'}, {'size': 'small', 'url': 'https://cdn.benzinga.com/files/imagecache/1024x768xUP/images/story/2024/08/20/Bitcoin-ETF.jpeg'}, {'size': 'thumb', 'url': 'https://cdn.benzinga.com/files/imagecache/250x187xUP/images/story/2024/08/20/Bitcoin-ETF.jpeg'}]",benzinga,"One month after the Ethereum ETF launches, institutional investors have continued to hold and even increase their exposure to cryptocurrency via ETFs.","['BTCUSD', 'ETH', 'ETHE', 'ETHUSD', 'GBTC', 'IBIT']",2024-08-20T12:57:46Z,https://www.benzinga.com/markets/cryptocurrency/24/08/40461920/bitcoin-etfs-vs-ethereum-etfs-how-do-they-compare-one-month-into-the-eth-etf-launch
Aniket Verma,,2024-08-20T03:57:04Z,Chinese Ethereum And 'Super' AI Token Emerge As Crypto Market's Best Performers With Double-Digit Gains,40453842,"[{'size': 'large', 'url': 'https://cdn.benzinga.com/files/imagecache/2048x1536xUP/images/story/2024/08/19/Cryptocurrency-Photo-by-CMP-NZ-on-Shutte.jpeg'}, {'size': 'small', 'url': 'https://cdn.benzinga.com/files/imagecache/1024x768xUP/images/story/2024/08/19/Cryptocurrency-Photo-by-CMP-NZ-on-Shutte.jpeg'}, {'size': 'thumb', 'url': 'https://cdn.benzinga.com/files/imagecache/250x187xUP/images/story/2024/08/19/Cryptocurrency-Photo-by-CMP-NZ-on-Shutte.jpeg'}]",benzinga,"Neo and Artificial Superintelligence Alliance hogged the limelight Monday, emerging as the market’s best-performing cryptocurrencies.","['AGIXUSD', 'BTCUSD', 'DOGEUSD', 'ETH', 'ETHUSD', 'FETUSD', 'NEOUSD', 'NVDA', 'OCEANUSD']",2024-08-20T03:57:05Z,https://www.benzinga.com/markets/cryptocurrency/24/08/40453842/chinese-ethereum-and-super-ai-token-emerge-as-crypto-markets-best-performers-with-double-d
Aniket Verma,,2024-08-16T11:00:24Z,"Dogecoin, Shiba Inu Fall As Ethereum Co-founder Vitalik Buterin Donates Over $500K Worth Of Memecoins To Animal Charity",40413538,"[{'size': 'large', 'url': 'https://cdn.benzinga.com/files/imagecache/2048x1536xUP/images/story/2024/08/16/Vitalik-Buterin.jpeg'}, {'size': 'small', 'url': 'https://cdn.benzinga.com/files/imagecache/1024x768xUP/images/story/2024/08/16/Vitalik-Buterin.jpeg'}, {'size': 'thumb', 'url': 'https://cdn.benzinga.com/files/imagecache/250x187xUP/images/story/2024/08/16/Vitalik-Buterin.jpeg'}]",benzinga,"Vitalik Buterin, the co-founder of Ethereum (CRYPTO: ETH), has donated over half a million dollars to a charity that looks after the welfare of animals.","['DOGEUSD', 'ETH', 'ETHUSD', 'PEPEUSD', 'SHIBUSD']",2024-08-16T11:00:25Z,https://www.benzinga.com/24/08/40413538/dogecoin-shiba-inu-fall-as-ethereum-co-founder-vitalik-buterin-donates-over-500k-worth-of-memecoins
Aniket Verma,,2024-08-12T03:10:04Z,"Kamala Harris Edges Out Donald Trump In Crypto Betting Odds For The First Time, Wagers Rise From 6% To 52% In Less Than A Month",40305205,"[{'size': 'large', 'url': 'https://cdn.benzinga.com/files/imagecache/2048x1536xUP/images/story/2024/08/11/trump-harris-shutter_1.jpeg'}, {'size': 'small', 'url': 'https://cdn.benzinga.com/files/imagecache/1024x768xUP/images/story/2024/08/11/trump-harris-shutter_1.jpeg'}, {'size': 'thumb', 'url': 'https://cdn.benzinga.com/files/imagecache/250x187xUP/images/story/2024/08/11/trump-harris-shutter_1.jpeg'}]",benzinga,"Vice President Kamala Harris surpassed Republican challenger and former President Donald Trump as the likely candidate to win the race to the White House, according to cryptocurrency betting platform, Polymarket.","['BTCUSD', 'ETH', 'ETHUSD', 'MATICUSD']",2024-08-12T03:10:05Z,https://www.benzinga.com/markets/cryptocurrency/24/08/40305205/kamala-harris-edges-out-donald-trump-in-crypto-betting-odds-for-the-first-time-wagers-rise
Aniket Verma,,2024-08-09T04:42:25Z,"Pepe Leads Rally, Dogecoin, Shiba Inu Advance As Memecoins Flash Green Amid Market Rebound",40275490,"[{'size': 'large', 'url': 'https://cdn.benzinga.com/files/imagecache/2048x1536xUP/images/story/2024/08/09/meme-coin.jpeg'}, {'size': 'small', 'url': 'https://cdn.benzinga.com/files/imagecache/1024x768xUP/images/story/2024/08/09/meme-coin.jpeg'}, {'size': 'thumb', 'url': 'https://cdn.benzinga.com/files/imagecache/250x187xUP/images/story/2024/08/09/meme-coin.jpeg'}]",benzinga,Memecoins were back in the green Thursday as the broader market recoiled after Monday&#39;s plunge.,"['BONKUSD', 'DOGEUSD', 'ETH', 'ETHUSD', 'PEPEUSD', 'SHIBUSD', 'SOLUSD']",2024-08-09T04:42:26Z,https://www.benzinga.com/markets/cryptocurrency/24/08/40275490/pepe-leads-rally-dogecoin-shiba-inu-advance-as-memecoins-flash-green-amid-market-rebound
Benzinga Contributor,,2024-08-07T18:49:54Z,Why Trump Taking Crypto is Risky,39756520,"[{'size': 'large', 'url': 'https://cdn.benzinga.com/files/imagecache/2048x1536xUP/images/story/2024/07/12/jon-tyson-wek_wc2b0aw-unsplash.jpg'}, {'size': 'small', 'url': 'https://cdn.benzinga.com/files/imagecache/1024x768xUP/images/story/2024/07/12/jon-tyson-wek_wc2b0aw-unsplash.jpg'}, {'size': 'thumb', 'url': 'https://cdn.benzinga.com/files/imagecache/250x187xUP/images/story/2024/07/12/jon-tyson-wek_wc2b0aw-unsplash.jpg'}]",benzinga,"By Michael &#34;Mehow&#34; Popieszalsk, CEO of MatterFi

For the first time in a U.S. election, there&#39;s a major political candidate who is now accepting crypto donations.","['BTC', 'BTCUSD', 'ETH', 'ETHUSD', 'PYPL', 'USDC', 'USDCUSD']",2024-08-07T18:49:55Z,https://www.benzinga.com/markets/cryptocurrency/24/08/39756520/why-trump-taking-crypto-is-risky
Benzinga Neuro,,2024-08-06T11:01:56Z,"Bitcoin, Ethereum ETFs Show Signs Of Recovery In Tuesday Premarket After Monday's Market Crash",40183310,"[{'size': 'large', 'url': 'https://cdn.benzinga.com/files/imagecache/2048x1536xUP/images/story/2024/08/06/Bitcoin-ETF.jpeg'}, {'size': 'small', 'url': 'https://cdn.benzinga.com/files/imagecache/1024x768xUP/images/story/2024/08/06/Bitcoin-ETF.jpeg'}, {'size': 'thumb', 'url': 'https://cdn.benzinga.com/files/imagecache/250x187xUP/images/story/2024/08/06/Bitcoin-ETF.jpeg'}]",benzinga,"Bitcoin (CRYPTO: BTC) and Ethereum (CRYPTO: ETH) linked exchange-traded funds (ETFs) are demonstrating signs of recovery in the wake of Monday’s market meltdown, as the leading cryptocurrencies begin to stabilize.","['BITB', 'BTC', 'BTCUSD', 'ETH', 'ETHA', 'ETHE', 'ETHUSD', 'ETHW', 'FBTC', 'GBTC', 'IBIT']",2024-08-06T11:01:57Z,https://www.benzinga.com/markets/cryptocurrency/24/08/40183310/bitcoin-ethereum-etfs-show-signs-of-recovery-in-tuesday-premarket-after-mondays-market-cra
Pooja Rajkumari,,2024-08-05T09:39:55Z,"Why Bitcoin, Ethereum ETFs Are Crashing Today In Premarket",40155135,"[{'size': 'large', 'url': 'https://cdn.benzinga.com/files/imagecache/2048x1536xUP/images/story/2024/08/05/Bitcoin-ETFs.jpeg'}, {'size': 'small', 'url': 'https://cdn.benzinga.com/files/imagecache/1024x768xUP/images/story/2024/08/05/Bitcoin-ETFs.jpeg'}, {'size': 'thumb', 'url': 'https://cdn.benzinga.com/files/imagecache/250x187xUP/images/story/2024/08/05/Bitcoin-ETFs.jpeg'}]",benzinga,"In the early hours of Monday, Bitcoin (CRYPTO: BTC) and Ethereum (CRYPTO: ETH) -linked ETFs witnessed a significant drop, mirroring global market downtrends.","['BITB', 'BTC', 'BTCUSD', 'ETH', 'ETHA', 'ETHE', 'ETHUSD', 'ETHW', 'FBTC', 'GBTC', 'IBIT']",2024-08-05T09:39:56Z,https://www.benzinga.com/markets/cryptocurrency/24/08/40155135/why-bitcoin-ethereum-etfs-are-crashing-today-in-premarket
Chris Katje,,2024-07-31T20:44:39Z,"Coinbase Q2 Earnings Preview: Can Streak Of 5 Straight Beats Continue? 'We Underestimated Bitcoin ETF Strength,' Analyst Says",40082906,"[{'size': 'large', 'url': 'https://cdn.benzinga.com/files/imagecache/2048x1536xUP/images/story/2024/07/31/Coinbase-Photo-by-rafapress-on-Shutterst.jpeg'}, {'size': 'small', 'url': 'https://cdn.benzinga.com/files/imagecache/1024x768xUP/images/story/2024/07/31/Coinbase-Photo-by-rafapress-on-Shutterst.jpeg'}, {'size': 'thumb', 'url': 'https://cdn.benzinga.com/files/imagecache/250x187xUP/images/story/2024/07/31/Coinbase-Photo-by-rafapress-on-Shutterst.jpeg'}]",benzinga,Cryptocurrency company Coinbase Global (NASDAQ:COIN) could show how the approval of Bitcoin (CRYPTO: BTC) and Ethereum (CRYTPO: ETH) ETFs in 2024 has impacted demand for the top two cryptocurrencies when it reports second-quarter financial ,"['BTCUSD', 'COIN', 'ETH', 'ETHUSD']",2024-07-31T20:44:40Z,https://www.benzinga.com/analyst-ratings/analyst-color/24/07/40082906/coinbase-q2-earnings-preview-can-streak-of-5-straight-beats-continue-we-underestima
Navdeep Yadav,,2024-07-30T13:47:13Z,Why Bitcoin ETF GBTC Is Down A Whopping 11% Today,40038854,"[{'size': 'large', 'url': 'https://cdn.benzinga.com/files/imagecache/2048x1536xUP/images/story/2024/07/30/Bitcoin-Halving--Block-Reward-Gets-Cut-I.jpeg'}, {'size': 'small', 'url': 'https://cdn.benzinga.com/files/imagecache/1024x768xUP/images/story/2024/07/30/Bitcoin-Halving--Block-Reward-Gets-Cut-I.jpeg'}, {'size': 'thumb', 'url': 'https://cdn.benzinga.com/files/imagecache/250x187xUP/images/story/2024/07/30/Bitcoin-Halving--Block-Reward-Gets-Cut-I.jpeg'}]",benzinga,The Grayscale Bitcoin Trust (NYSE:GBTC) is experiencing an 11% drop today after Grayscale Investments announced the fund’s spinoff into a new exchange-traded fund (ETF).,"['BTCUSD', 'ETH', 'ETHE', 'ETHUSD', 'GBTC']",2024-07-30T14:13:48Z,https://www.benzinga.com/markets/cryptocurrency/24/07/40038854/why-bitcoin-etf-gbtc-is-down-a-whopping-10-today
Benzinga Newsdesk,,2024-07-23T16:14:21Z,"Benzinga Market Summary: Ether ETFs Launch, Spotify Jumps On Strong Earnings, UPS Drops On Weak Earnings Report",39912070,[],benzinga,,"['ETH', 'SPOT', 'UPS']",2024-07-23T16:14:22Z,https://www.benzinga.com/markets/cryptocurrency/24/07/39912070/benzinga-market-summary-ether-etfs-launch-spotify-jumps-on-strong-earnings-ups-drops-on-we
Khyathi Dalal,,2023-12-19T23:59:13Z,"Grayscale CEO Highlights Possible $30 Trillion Unlock In Advised Wealth After Spot Bitcoin ETF Approvals, Another Crypto Analyst Says BTC Price Will Skyrocket",36315178,"[{'size': 'large', 'url': 'https://cdn.benzinga.com/files/imagecache/2048x1536xUP/images/story/2023/12/19/shutterstock_1464153158.jpg'}, {'size': 'small', 'url': 'https://cdn.benzinga.com/files/imagecache/1024x768xUP/images/story/2023/12/19/shutterstock_1464153158.jpg'}, {'size': 'thumb', 'url': 'https://cdn.benzinga.com/files/imagecache/250x187xUP/images/story/2023/12/19/shutterstock_1464153158.jpg'}]",benzinga,Grayscale Investments CEO Michael Sonnenshein in his recent CNBC appearance voiced his opinion about the potential impact of a spot Bitcoin ETF on the crypto market.,"['BTCUSD', 'ETH', 'GBTC']",2023-12-19T23:59:13Z,https://www.benzinga.com/markets/cryptocurrency/23/12/36315178/grayscale-ceo-highlights-possible-30-trillion-unlock-in-advised-wealth-after-spot-bitcoin-
